route,sample,renders,protected,deeplink_semantic,deeplink_destination,in_app_semantic,affordance,verdict
/_boot,/_boot,true,true,deepLinkFallback,/home,stackReturn,true,PROTECTED_BOUNDARY
/,/,true,false,rootNoReturn,,rootNoReturn,false,ROOT_NO_RETURN_REQUIRED
/auth,/auth,false,true,deepLinkFallback,/home,stackReturn,true,NOT_A_SURFACE
/public,/public,true,false,rootNoReturn,,rootNoReturn,false,ROOT_NO_RETURN_REQUIRED
/mission,/mission,true,false,deepLinkFallback,/home,stackReturn,true,COMPLIANT
/white-paper,/white-paper,true,false,deepLinkFallback,/home,stackReturn,true,COMPLIANT
/founder,/founder,true,false,deepLinkFallback,/home,stackReturn,true,COMPLIANT
/privacy,/privacy,true,false,deepLinkFallback,/home,stackReturn,true,COMPLIANT
/terms,/terms,true,false,deepLinkFallback,/home,stackReturn,true,COMPLIANT
/child-safety,/child-safety,true,false,deepLinkFallback,/home,stackReturn,true,COMPLIANT
/safety,/safety,false,false,deepLinkFallback,/home,stackReturn,true,NOT_A_SURFACE
/trust-safety,/trust-safety,false,false,deepLinkFallback,/home,stackReturn,true,NOT_A_SURFACE
/contact,/contact,true,false,deepLinkFallback,/home,stackReturn,true,COMPLIANT
/support/agent,/support/agent,true,false,deepLinkFallback,/home,stackReturn,true,COMPLIANT
/account-deletion,/account-deletion,true,false,deepLinkFallback,/home,stackReturn,true,COMPLIANT
/investors,/investors,true,false,deepLinkFallback,/home,stackReturn,true,COMPLIANT
/institutions,/institutions,true,false,deepLinkFallback,/discover,stackReturn,true,COMPLIANT
/institutions/get-started,/institutions/get-started,true,false,flowCancel,/institutions,flowCancel,true,COMPLIANT
/institutions/sector/:classId,/institutions/sector/x-classid,true,false,parentReturn,/institutions/sector,stackReturn,true,COMPLIANT
/institutions/:slug,/institutions/x-slug,true,false,parentReturn,/institutions,stackReturn,true,COMPLIANT
/institutions/:slug/units,/institutions/x-slug/units,true,false,parentReturn,/institutions/x-slug,stackReturn,true,COMPLIANT
/institutions/:slug/units/:unitSlug,/institutions/x-slug/units/x-unitslug,true,false,parentReturn,/institutions/x-slug/units,stackReturn,true,COMPLIANT
/institution/sign-in,/institution/sign-in,false,true,deepLinkFallback,/institution/sign-in/explore,stackReturn,true,NOT_A_SURFACE
/institution/create,/institution/create,false,false,flowCancel,/institution/create/explore,flowCancel,true,NOT_A_SURFACE
/patrons,/patrons,true,false,deepLinkFallback,/home,stackReturn,true,COMPLIANT
/supporters,/supporters,true,false,deepLinkFallback,/home,stackReturn,true,COMPLIANT
/announcements,/announcements,true,false,deepLinkFallback,/home,stackReturn,true,COMPLIANT
/announcements/create,/announcements/create,true,false,flowCancel,/home,flowCancel,true,COMPLIANT
/announcements/:slug,/announcements/x-slug,true,false,parentReturn,/announcements,stackReturn,true,COMPLIANT
/meet/:slug,/meet/x-slug,true,false,deepLinkFallback,/me,stackReturn,true,COMPLIANT
/meet/:slug/book,/meet/x-slug/book,true,false,flowCancel,/me,flowCancel,true,COMPLIANT
/search,/search,true,false,deepLinkFallback,/discover,stackReturn,true,COMPLIANT
/discover,/discover,true,false,rootNoReturn,,rootNoReturn,false,ROOT_NO_RETURN_REQUIRED
/posts/:id,/posts/x-id,true,false,deepLinkFallback,/home,stackReturn,true,COMPLIANT
/media/:id/restricted,/media/x-id/restricted,true,false,deepLinkFallback,/me,stackReturn,true,COMPLIANT
/thread/:id,/thread/x-id,true,false,deepLinkFallback,/home,stackReturn,true,COMPLIANT
/spaces,/spaces,true,false,deepLinkFallback,/discover,stackReturn,true,COMPLIANT
/spaces/:slug,/spaces/x-slug,true,false,parentReturn,/spaces,stackReturn,true,COMPLIANT
/aura/participation,/aura/participation,true,false,deepLinkFallback,/home,stackReturn,true,COMPLIANT
/author/:handle,/author/x-handle,false,false,deepLinkFallback,/home,stackReturn,true,NOT_A_SURFACE
/u/:handle,/u/x-handle,true,false,deepLinkFallback,/discover,stackReturn,true,COMPLIANT
/u/:handle/followers,/u/x-handle/followers,true,false,parentReturn,/u/x-handle,stackReturn,true,COMPLIANT
/u/:handle/following,/u/x-handle/following,true,false,parentReturn,/u/x-handle,stackReturn,true,COMPLIANT
/support/:handle,/support/x-handle,true,false,deepLinkFallback,/home,stackReturn,true,COMPLIANT
/login,/login,true,true,deepLinkFallback,/home,stackReturn,true,PROTECTED_BOUNDARY
/register,/register,true,true,deepLinkFallback,/home,stackReturn,true,PROTECTED_BOUNDARY
/forgot-password,/forgot-password,true,true,deepLinkFallback,/home,stackReturn,true,PROTECTED_BOUNDARY
/reset-password,/reset-password,true,true,deepLinkFallback,/home,stackReturn,true,PROTECTED_BOUNDARY
/verify-email,/verify-email,true,true,deepLinkFallback,/home,stackReturn,true,PROTECTED_BOUNDARY
/verify-pending,/verify-pending,true,true,deepLinkFallback,/home,stackReturn,true,PROTECTED_BOUNDARY
/complete-identity,/complete-identity,true,true,deepLinkFallback,/home,stackReturn,true,PROTECTED_BOUNDARY
/home,/home,true,false,rootNoReturn,,rootNoReturn,false,ROOT_NO_RETURN_REQUIRED
/institution/:institutionId/meetings,/institution/x-institutionid/meetings,true,false,contextReturn,/institution/x-institutionid/explore,stackReturn,true,COMPLIANT
/institution/:institutionId/meetings/new,/institution/x-institutionid/meetings/new,true,false,flowCancel,/institution/x-institutionid/explore,flowCancel,true,COMPLIANT
/meetings/join,/meetings/join,true,false,deepLinkFallback,/me,stackReturn,true,COMPLIANT
/meetings/keep,/meetings/keep,true,false,deepLinkFallback,/me,stackReturn,true,COMPLIANT
/meetings/join-error,/meetings/join-error,true,false,deepLinkFallback,/me,stackReturn,true,COMPLIANT
/meetings/join/:code,/meetings/join/x-code,true,false,parentReturn,/meetings/join,stackReturn,true,COMPLIANT
/meetings/:id,/meetings/x-id,true,false,deepLinkFallback,/me,stackReturn,true,COMPLIANT
/meetings/:meetingId/prep,/meetings/x-meetingid/prep,false,false,parentReturn,/meetings/x-meetingid,stackReturn,true,NOT_A_SURFACE
/meetings/:meetingId/room,/meetings/x-meetingid/room,false,false,parentReturn,/meetings/x-meetingid,stackReturn,true,NOT_A_SURFACE
/meetings/:meetingId/waiting,/meetings/x-meetingid/waiting,true,false,parentReturn,/meetings/x-meetingid,stackReturn,true,COMPLIANT
/meetings/:meetingId/live,/meetings/x-meetingid/live,true,true,parentReturn,/meetings/x-meetingid,stackReturn,true,PROTECTED_BOUNDARY
/meetings/:meetingId/summary,/meetings/x-meetingid/summary,false,false,parentReturn,/meetings/x-meetingid,stackReturn,true,NOT_A_SURFACE
/meetings/:meetingId/post-meeting,/meetings/x-meetingid/post-meeting,false,false,parentReturn,/meetings/x-meetingid,stackReturn,true,NOT_A_SURFACE
/institution/:institutionId/meetings/:meetingId,/institution/x-institutionid/meetings/x-meetingid,true,false,parentReturn,/institution/x-institutionid/meetings,stackReturn,true,COMPLIANT
/institution/:institutionId/meetings/:meetingId/prep,/institution/x-institutionid/meetings/x-meetingid/prep,false,false,parentReturn,/institution/x-institutionid/meetings/x-meetingid,stackReturn,true,NOT_A_SURFACE
/institution/:institutionId/meetings/:meetingId/room,/institution/x-institutionid/meetings/x-meetingid/room,false,false,parentReturn,/institution/x-institutionid/meetings/x-meetingid,stackReturn,true,NOT_A_SURFACE
/institution/:institutionId/meetings/:meetingId/waiting,/institution/x-institutionid/meetings/x-meetingid/waiting,true,false,parentReturn,/institution/x-institutionid/meetings/x-meetingid,stackReturn,true,COMPLIANT
/institution/:institutionId/meetings/:meetingId/live,/institution/x-institutionid/meetings/x-meetingid/live,true,true,parentReturn,/institution/x-institutionid/meetings/x-meetingid,stackReturn,true,PROTECTED_BOUNDARY
/institution/:institutionId/meetings/:meetingId/summary,/institution/x-institutionid/meetings/x-meetingid/summary,false,false,parentReturn,/institution/x-institutionid/meetings/x-meetingid,stackReturn,true,NOT_A_SURFACE
/institution/:institutionId/meetings/:meetingId/post-meeting,/institution/x-institutionid/meetings/x-meetingid/post-meeting,false,false,parentReturn,/institution/x-institutionid/meetings/x-meetingid,stackReturn,true,NOT_A_SURFACE
/institution/:institutionId/availability,/institution/x-institutionid/availability,true,false,deepLinkFallback,/institution/x-institutionid/explore,stackReturn,true,COMPLIANT
/i/:institutionSlug/meet/:bookingSlug,/i/x-institutionslug/meet/x-bookingslug,true,false,parentReturn,/i/x-institutionslug,stackReturn,true,COMPLIANT
/i/:institutionSlug/meet/cancel/:token,/i/x-institutionslug/meet/cancel/x-token,true,false,parentReturn,/i/x-institutionslug/meet/cancel,stackReturn,true,COMPLIANT
/meet/cancel/:token,/meet/cancel/x-token,true,false,parentReturn,/meet/cancel,stackReturn,true,COMPLIANT
/i/:institutionSlug/meet/reschedule/:token,/i/x-institutionslug/meet/reschedule/x-token,true,false,flowCancel,/home,flowCancel,true,COMPLIANT
/meet/reschedule/:token,/meet/reschedule/x-token,true,false,flowCancel,/me,flowCancel,true,COMPLIANT
/i/:institutionSlug/meet/:bookingSlug/book,/i/x-institutionslug/meet/x-bookingslug/book,true,false,flowCancel,/home,flowCancel,true,COMPLIANT
/messages,/messages,true,false,rootNoReturn,,rootNoReturn,false,ROOT_NO_RETURN_REQUIRED
/messages/new,/messages/new,true,false,flowCancel,/messages,flowCancel,true,COMPLIANT
/messages/c/:conversationId,/messages/c/x-conversationid,true,false,parentReturn,/messages,stackReturn,true,COMPLIANT
/discover/people,/discover/people,true,false,parentReturn,/discover,stackReturn,true,COMPLIANT
/discover/articles,/discover/articles,true,false,parentReturn,/discover,stackReturn,true,COMPLIANT
/discover/institutions,/discover/institutions,true,false,parentReturn,/discover,stackReturn,true,COMPLIANT
/articles/write,/articles/write,true,false,flowCancel,/home,flowCancel,true,COMPLIANT
/articles/write/:articleId,/articles/write/x-articleid,true,false,flowCancel,/home,flowCancel,true,COMPLIANT
/articles/:slug,/articles/x-slug,true,false,deepLinkFallback,/home,stackReturn,true,COMPLIANT
/i/:token,/i/x-token,true,false,deepLinkFallback,/home,stackReturn,true,COMPLIANT
/messages/direct,/messages/direct,false,false,parentReturn,/messages,stackReturn,true,NOT_A_SURFACE
/messages/direct/archived,/messages/direct/archived,false,false,parentReturn,/messages,stackReturn,true,NOT_A_SURFACE
/create,/create,true,false,rootNoReturn,,rootNoReturn,false,ROOT_NO_RETURN_REQUIRED
/saved,/saved,true,false,deepLinkFallback,/home,stackReturn,true,COMPLIANT
/updates,/updates,true,false,deepLinkFallback,/home,stackReturn,true,COMPLIANT
/conversations,/conversations,false,false,deepLinkFallback,/home,stackReturn,true,NOT_A_SURFACE
/activity,/activity,true,false,deepLinkFallback,/home,stackReturn,true,COMPLIANT
/ai/claim-audit,/ai/claim-audit,true,false,deepLinkFallback,/home,stackReturn,true,COMPLIANT
/me,/me,true,false,deepLinkFallback,/home,stackReturn,true,COMPLIANT
/me/edit,/me/edit,true,false,flowCancel,/me,flowCancel,true,COMPLIANT
/security,/security,true,false,deepLinkFallback,/home,stackReturn,true,COMPLIANT
/verify-identity,/verify-identity,true,false,deepLinkFallback,/home,stackReturn,true,COMPLIANT
/devices,/devices,true,false,deepLinkFallback,/home,stackReturn,true,COMPLIANT
/change-password,/change-password,true,false,deepLinkFallback,/home,stackReturn,true,COMPLIANT
/settings/communications,/settings/communications,false,false,deepLinkFallback,/home,stackReturn,true,NOT_A_SURFACE
/me/preferences,/me/preferences,true,false,parentReturn,/me,stackReturn,true,COMPLIANT
/me/blocked,/me/blocked,true,false,parentReturn,/me,stackReturn,true,COMPLIANT
/me/settings/communications,/me/settings/communications,true,false,parentReturn,/me,stackReturn,true,COMPLIANT
/me/follow-requests,/me/follow-requests,true,false,parentReturn,/me,stackReturn,true,COMPLIANT
/me/invitations,/me/invitations,true,false,parentReturn,/me,stackReturn,true,COMPLIANT
/invite,/invite,true,false,deepLinkFallback,/home,stackReturn,true,COMPLIANT
/invite/create,/invite/create,true,false,flowCancel,/home,flowCancel,true,COMPLIANT
/invite/accept,/invite/accept,true,false,parentReturn,/invite,stackReturn,true,COMPLIANT
/invite/import,/invite/import,true,false,parentReturn,/invite,stackReturn,true,COMPLIANT
/admin,/admin,true,false,deepLinkFallback,/home,stackReturn,true,COMPLIANT
/admin/communications,/admin/communications,true,false,parentReturn,/admin,stackReturn,true,COMPLIANT
/admin/institutions,/admin/institutions,true,false,parentReturn,/admin,stackReturn,true,COMPLIANT
/admin/institutions/:id/members,/admin/institutions/x-id/members,true,false,parentReturn,/admin/institutions,stackReturn,true,COMPLIANT
/admin/users,/admin/users,true,false,parentReturn,/admin,stackReturn,true,COMPLIANT
/admin/identity-review,/admin/identity-review,true,false,parentReturn,/admin,stackReturn,true,COMPLIANT
/admin/grants,/admin/grants,true,false,parentReturn,/admin,stackReturn,true,COMPLIANT
/admin/audit-logs,/admin/audit-logs,true,false,parentReturn,/admin,stackReturn,true,COMPLIANT
/admin/settings,/admin/settings,true,false,parentReturn,/admin,stackReturn,true,COMPLIANT
/admin/feature-flags,/admin/feature-flags,true,false,parentReturn,/admin,stackReturn,true,COMPLIANT
/admin/institution-domains,/admin/institution-domains,true,false,parentReturn,/admin,stackReturn,true,COMPLIANT
/admin/review-queue,/admin/review-queue,true,false,parentReturn,/admin,stackReturn,true,COMPLIANT
/admin/migrations,/admin/migrations,true,false,parentReturn,/admin,stackReturn,true,COMPLIANT
/admin/policies,/admin/policies,true,false,parentReturn,/admin,stackReturn,true,COMPLIANT
/admin/moderation,/admin/moderation,true,false,parentReturn,/admin,stackReturn,true,COMPLIANT
/admin/media-appeals,/admin/media-appeals,true,false,parentReturn,/admin,stackReturn,true,COMPLIANT
/admin/support,/admin/support,true,false,parentReturn,/admin,stackReturn,true,COMPLIANT
/share,/share,true,false,deepLinkFallback,/home,stackReturn,true,COMPLIANT
/compose,/compose,true,false,flowCancel,/home,flowCancel,true,COMPLIANT
/posts/:postId/edit,/posts/x-postid/edit,true,false,flowCancel,/home,flowCancel,true,COMPLIANT
/enter-institution,/enter-institution,true,true,deepLinkFallback,/home,stackReturn,true,PROTECTED_BOUNDARY
/institution/standing,/institution/standing,true,false,deepLinkFallback,/institution/standing/explore,stackReturn,true,COMPLIANT
/institution/dashboard,/institution/dashboard,true,false,deepLinkFallback,/institution/dashboard/explore,stackReturn,true,COMPLIANT
/institution/:institutionId/dashboard,/institution/x-institutionid/dashboard,true,false,contextReturn,/institution/x-institutionid/explore,stackReturn,true,COMPLIANT
/institution/domains,/institution/domains,true,false,deepLinkFallback,/institution/domains/explore,stackReturn,true,COMPLIANT
/institution/:institutionId/domains,/institution/x-institutionid/domains,true,false,deepLinkFallback,/institution/x-institutionid/explore,stackReturn,true,COMPLIANT
/institution/:institutionId/units/:unitId,/institution/x-institutionid/units/x-unitid,true,false,parentReturn,/institution/x-institutionid/units,stackReturn,true,COMPLIANT
/institution/:institutionId/units,/institution/x-institutionid/units,true,false,deepLinkFallback,/institution/x-institutionid/explore,stackReturn,true,COMPLIANT
/institution/:institutionId/public-engagement,/institution/x-institutionid/public-engagement,true,false,deepLinkFallback,/institution/x-institutionid/explore,stackReturn,true,COMPLIANT
/institution/:institutionId/public-engagement/participation,/institution/x-institutionid/public-engagement/participation,true,false,parentReturn,/institution/x-institutionid/public-engagement,stackReturn,true,COMPLIANT
/institution/:institutionId/public-engagement/:recordId,/institution/x-institutionid/public-engagement/x-recordid,true,false,parentReturn,/institution/x-institutionid/public-engagement,stackReturn,true,COMPLIANT
/institution/profile,/institution/profile,true,false,deepLinkFallback,/institution/profile/explore,stackReturn,true,COMPLIANT
/institution/:institutionId/profile,/institution/x-institutionid/profile,true,false,deepLinkFallback,/institution/x-institutionid/explore,stackReturn,true,COMPLIANT
/institution/edit-profile,/institution/edit-profile,true,false,flowCancel,/institution/edit-profile/explore,flowCancel,true,COMPLIANT
/institution/:institutionId/edit-profile,/institution/x-institutionid/edit-profile,true,false,flowCancel,/institution/x-institutionid/explore,flowCancel,true,COMPLIANT
/institution/request-verification,/institution/request-verification,true,false,flowCancel,/institution/request-verification/explore,flowCancel,true,COMPLIANT
/institution/:institutionId/request-verification,/institution/x-institutionid/request-verification,true,false,flowCancel,/institution/x-institutionid/explore,flowCancel,true,COMPLIANT
/institution/correspondence,/institution/correspondence,false,false,deepLinkFallback,/institution/correspondence/explore,stackReturn,true,NOT_A_SURFACE
/institution/:institutionId/correspondence,/institution/x-institutionid/correspondence,false,false,deepLinkFallback,/institution/x-institutionid/explore,stackReturn,true,NOT_A_SURFACE
/institution/announcements,/institution/announcements,false,false,deepLinkFallback,/institution/announcements/explore,stackReturn,true,NOT_A_SURFACE
/institution/live-rooms,/institution/live-rooms,false,false,deepLinkFallback,/institution/live-rooms/explore,stackReturn,true,NOT_A_SURFACE
/institution/:institutionId/live-rooms,/institution/x-institutionid/live-rooms,true,false,deepLinkFallback,/institution/x-institutionid/explore,stackReturn,true,COMPLIANT
/institution/:institutionId/announcements,/institution/x-institutionid/announcements,true,false,contextReturn,/institution/x-institutionid/explore,stackReturn,true,COMPLIANT
/institution/:institutionId/announcements/new,/institution/x-institutionid/announcements/new,true,false,flowCancel,/institution/x-institutionid/explore,flowCancel,true,COMPLIANT
/institution/:institutionId/announcements/:announcementId/edit,/institution/x-institutionid/announcements/x-announcementid/edit,true,false,flowCancel,/institution/x-institutionid/explore,flowCancel,true,COMPLIANT
/institution/:institutionId/spaces,/institution/x-institutionid/spaces,true,false,contextReturn,/institution/x-institutionid/explore,stackReturn,true,COMPLIANT
/institution/:institutionId/spaces/:spaceAddress,/institution/x-institutionid/spaces/x-spaceaddress,true,false,parentReturn,/institution/x-institutionid/spaces,stackReturn,true,COMPLIANT
/institution/:institutionId/members,/institution/x-institutionid/members,true,false,contextReturn,/institution/x-institutionid/explore,stackReturn,true,COMPLIANT
/institution/:institutionId/invites,/institution/x-institutionid/invites,true,false,deepLinkFallback,/institution/x-institutionid/explore,stackReturn,true,COMPLIANT
/institution/:institutionId/join-requests,/institution/x-institutionid/join-requests,true,false,deepLinkFallback,/institution/x-institutionid/explore,stackReturn,true,COMPLIANT
/institution/:institutionId/explore,/institution/x-institutionid/explore,true,false,contextReturn,/institution/x-institutionid/explore,stackReturn,true,COMPLIANT
/institution/:institutionId/posts/new,/institution/x-institutionid/posts/new,true,false,flowCancel,/institution/x-institutionid/explore,flowCancel,true,COMPLIANT
/institution/:institutionId/posts/:postId,/institution/x-institutionid/posts/x-postid,true,false,deepLinkFallback,/institution/x-institutionid/explore,stackReturn,true,COMPLIANT
/direct/:threadId,/direct/x-threadid,true,false,deepLinkFallback,/home,stackReturn,true,COMPLIANT
/direct-intent,/direct-intent,true,false,deepLinkFallback,/home,stackReturn,true,COMPLIANT
/notifications,/notifications,false,false,deepLinkFallback,/home,stackReturn,true,NOT_A_SURFACE
/institution/:institutionId/u/:handle,/institution/x-institutionid/u/x-handle,false,false,deepLinkFallback,/institution/x-institutionid/explore,stackReturn,true,NOT_A_SURFACE
/institution/:institutionId/institutions/:slug,/institution/x-institutionid/institutions/x-slug,false,false,deepLinkFallback,/institution/x-institutionid/explore,stackReturn,true,NOT_A_SURFACE
/institution/:institutionId/direct/:threadId,/institution/x-institutionid/direct/x-threadid,true,false,deepLinkFallback,/institution/x-institutionid/explore,stackReturn,true,COMPLIANT
/institution/:institutionId/posts/:postId/edit,/institution/x-institutionid/posts/x-postid/edit,true,false,flowCancel,/institution/x-institutionid/explore,flowCancel,true,COMPLIANT
/institution/:institutionId/activity,/institution/x-institutionid/activity,true,false,contextReturn,/institution/x-institutionid/explore,stackReturn,true,COMPLIANT
/institution/:institutionId/billing,/institution/x-institutionid/billing,true,false,deepLinkFallback,/institution/x-institutionid/explore,stackReturn,true,COMPLIANT
/institution/:institutionId/messages,/institution/x-institutionid/messages,true,false,contextReturn,/institution/x-institutionid/explore,stackReturn,true,COMPLIANT
/institution/:institutionId/messages/direct,/institution/x-institutionid/messages/direct,false,false,parentReturn,/institution/x-institutionid/messages,stackReturn,true,NOT_A_SURFACE
/institution/:institutionId/messages/direct/archived,/institution/x-institutionid/messages/direct/archived,false,false,parentReturn,/institution/x-institutionid/messages,stackReturn,true,NOT_A_SURFACE
/realtime,/realtime,true,false,deepLinkFallback,/home,stackReturn,true,COMPLIANT
/realtime/:sessionId,/realtime/x-sessionid,true,true,parentReturn,/realtime,stackReturn,true,PROTECTED_BOUNDARY
