route,product_area,entry_modes,navigated_by,current_return_mechanism,expected_return_semantic,visible_affordance,system_back_effective,deeplink_fallback,context_preservation,mobile_viable,classification,required_correction,widget,file
/_boot,machinery/gate,in-app|deep-link,not-navigated-by-literal,go(fixed),governed by RC4 destination continuity,no,unknown,n/a,ok,yes,PROTECTED_BOUNDARY,auth/boot machinery,_RouterBootScreen,lib/router.dart
/,other,in-app|deep-link,go=11,go(fixed),ROOT_NO_RETURN,no,no — reached by go(),n/a,ok,yes,ROOT_NO_RETURN_REQUIRED,primary destination,PublicHomeScreen,lib/features/home/presentation/public_home_screen.dart
/auth,machinery/gate,in-app|deep-link,go=1,none,n/a,no,no — reached by go(),n/a,ok,yes,NOT_A_SURFACE,redirect-only route,,
/public,other,in-app|deep-link,go=3,go(fixed),PARENT_RETURN,no,no — reached by go(),n/a,unknown,NO,MISSING_RETURN_PATH,child destination with no product-owned return,PublicHomeScreen,lib/features/home/presentation/public_home_screen.dart
/mission,other,in-app|deep-link,go=4,go(fixed),PARENT_RETURN,no,no — reached by go(),n/a,unknown,NO,MISSING_RETURN_PATH,child destination with no product-owned return,MissionScreen,lib/screens/mission_screen.dart
/white-paper,other,in-app|deep-link,go=3,own back icon; go(fixed),STACK_RETURN with PARENT_RETURN fallback,yes,no — reached by go(),n/a,unknown,yes,HARDCODED_PARENT_RETURN,back-looking control navigates to a FIXED path,WhitePaperScreen,lib/screens/white_paper_screen.dart
/founder,other,in-app|deep-link,go=1,go(fixed),PARENT_RETURN,no,no — reached by go(),n/a,unknown,NO,MISSING_RETURN_PATH,child destination with no product-owned return,FounderMessageScreen,lib/screens/founder_message_screen.dart
/privacy,other,in-app|deep-link,go=2,none,PARENT_RETURN,no,no — reached by go(),n/a,unknown,NO,MISSING_RETURN_PATH,child destination with no product-owned return,PrivacyPolicyScreen,lib/screens/privacy_policy_screen.dart
/terms,other,in-app|deep-link,go=1,go(fixed),PARENT_RETURN,no,no — reached by go(),n/a,unknown,NO,MISSING_RETURN_PATH,child destination with no product-owned return,TermsScreen,lib/screens/terms_screen.dart
/child-safety,other,in-app|deep-link,not-navigated-by-literal,go(fixed),PARENT_RETURN,no,unknown,n/a,unknown,NO,MISSING_RETURN_PATH,child destination with no product-owned return,ChildSafetyScreen,lib/screens/child_safety_screen.dart
/safety,other,in-app|deep-link,not-navigated-by-literal,none,n/a,no,unknown,n/a,ok,yes,NOT_A_SURFACE,redirect-only route,,
/trust-safety,other,in-app|deep-link,not-navigated-by-literal,none,n/a,no,unknown,n/a,ok,yes,NOT_A_SURFACE,redirect-only route,,
/contact,other,in-app|deep-link,not-navigated-by-literal,go(fixed),PARENT_RETURN,no,unknown,n/a,unknown,NO,MISSING_RETURN_PATH,child destination with no product-owned return,ContactScreen,lib/screens/contact_screen.dart
/support/agent,other,in-app|deep-link,go=6,none,PARENT_RETURN,no,no — reached by go(),n/a,unknown,NO,MISSING_RETURN_PATH,child destination with no product-owned return,SupportAgentScreen,lib/features/support/presentation/support_agent_screen.dart
/account-deletion,other,in-app|deep-link,go=1,AppBar; go(fixed),STACK_RETURN with PARENT_RETURN fallback,yes,no — reached by go(),n/a,unknown,yes,HARDCODED_PARENT_RETURN,back-looking control navigates to a FIXED path,AccountDeletionScreen,lib/screens/account_deletion_screen.dart
/investors,other,in-app|deep-link,go=1,go(fixed),PARENT_RETURN,no,no — reached by go(),n/a,unknown,NO,MISSING_RETURN_PATH,child destination with no product-owned return,InvestorsHubScreen,lib/screens/investors_hub_screen.dart
/institutions,institution,in-app|deep-link,go=4 push=2,none,PARENT_RETURN,no,yes,n/a,unknown,NO,MISSING_RETURN_PATH,child destination with no product-owned return,InstitutionsHubScreen,lib/screens/institutions_hub_screen.dart
/institutions/get-started,institution,in-app|deep-link,not-navigated-by-literal,own back icon; pop() UNGUARDED; go(fixed),STACK_RETURN needs a PARENT_RETURN fallback,yes,unknown,n/a,unknown,NO,WRONG_RETURN_SEMANTICS,affordance pops without checking the stack,InstitutionOnboardingWizard,lib/features/institutions/wizard/institution_onboarding_wizard.dart
/institutions/sector/:classId,institution,in-app|deep-link|notification|external-link,push=1,own back icon; go(fixed),STACK_RETURN with PARENT_RETURN fallback,yes,yes,yes,unknown,yes,HARDCODED_PARENT_RETURN,back-looking control navigates to a FIXED path,InstitutionSectorScreen,lib/features/public/presentation/institution_sector_screen.dart
/institutions/:slug,institution,in-app|deep-link|notification|external-link,go=4 push=12,own back icon; go(fixed),STACK_RETURN with PARENT_RETURN fallback,yes,yes,yes,unknown,yes,HARDCODED_PARENT_RETURN,back-looking control navigates to a FIXED path,InstitutionDetailScreen,lib/features/institutions/presentation/institution_detail_screen.dart
/institutions/:slug/units,institution,in-app|deep-link|notification|external-link,push=1,own back icon,STACK_RETURN,yes,yes,yes,ok,yes,COMPLIANT,own affordance,PublicInstitutionUnitsScreen,lib/features/public/presentation/public_institution_units_screen.dart
/institutions/:slug/units/:unitSlug,institution,in-app|deep-link|notification|external-link,push=1,own back icon,STACK_RETURN,yes,yes,yes,ok,yes,COMPLIANT,own affordance,PublicUnitDetailScreen,lib/features/public/presentation/public_unit_detail_screen.dart
/institution/sign-in,institution,in-app|deep-link,go=2,none,n/a,no,no — reached by go(),n/a,ok,yes,NOT_A_SURFACE,redirect-only route,,
/institution/create,institution,in-app|deep-link,not-navigated-by-literal,none,n/a,no,unknown,n/a,ok,yes,NOT_A_SURFACE,redirect-only route,,
/patrons,other,in-app|deep-link,go=1,go(fixed),PARENT_RETURN,no,no — reached by go(),n/a,unknown,NO,MISSING_RETURN_PATH,child destination with no product-owned return,PatronsHubScreen,lib/screens/patrons_hub_screen.dart
/supporters,other,in-app|deep-link,not-navigated-by-literal,go(fixed),PARENT_RETURN,no,unknown,n/a,unknown,NO,MISSING_RETURN_PATH,child destination with no product-owned return,SupportersHubScreen,lib/screens/supporters_hub_screen.dart
/announcements,publication,in-app|deep-link,go=3 push=1,go(fixed),PARENT_RETURN,no,yes,n/a,unknown,NO,MISSING_RETURN_PATH,child destination with no product-owned return,AnnouncementsScreen,lib/features/announcements/presentation/announcements_screen.dart
/announcements/create,publication,in-app|deep-link,go=1,own back icon; pop()+canPop; go(fixed),STACK_RETURN with PARENT_RETURN fallback,yes,no — reached by go(),n/a,ok,yes,COMPLIANT,own affordance + stack-aware pop,AnnouncementEditorScreen,lib/features/announcements/presentation/announcement_editor_screen.dart
/announcements/:slug,publication,in-app|deep-link|notification|external-link,go=4 push=4,none,STACK_RETURN + DEEP_LINK_FALLBACK to a canonical parent,no,yes,MISSING,unknown,NO,DEEPLINK_ESCAPE_MISSING,addressable detail with no product-owned return,AnnouncementDetailScreen,lib/features/announcements/presentation/announcement_detail_screen.dart
/meet/:slug,meetings/live (protected),in-app|deep-link|notification|external-link,not-navigated-by-literal,go(fixed),TERMINAL_EXIT / governed by its own domain,no,unknown,yes,ok,yes,PROTECTED_BOUNDARY,Meetings/Live — audit only,PublicBookingScreen,lib/features/meetings/presentation/public_booking_screen.dart
/meet/:slug/book,meetings/live (protected),in-app|deep-link|notification|external-link,not-navigated-by-literal,none,TERMINAL_EXIT / governed by its own domain,no,unknown,yes,ok,yes,PROTECTED_BOUNDARY,Meetings/Live — audit only,BookingRouteEntry,lib/features/meetings/presentation/booking_route_entry.dart
/search,discover,in-app|deep-link,go=3 push=1,go(fixed),PARENT_RETURN,no,yes,n/a,unknown,NO,MISSING_RETURN_PATH,child destination with no product-owned return,_DiscoverSearchEntryPoint,lib/router.dart
/discover,discover,in-app|deep-link,go=2,none,ROOT_NO_RETURN,no,no — reached by go(),n/a,ok,yes,ROOT_NO_RETURN_REQUIRED,primary destination,DiscoverScreen,lib/features/discover/presentation/discover_screen.dart
/posts/:id,publication,in-app|deep-link|notification|external-link,go=1 push=3,own back icon; pop()+canPop; go(fixed),STACK_RETURN with PARENT_RETURN fallback,yes,yes,yes,ok,yes,COMPLIANT,own affordance + stack-aware pop,PostDetailScreen,lib/features/posts/presentation/post_detail_screen.dart
/media/:id/restricted,me/identity,in-app|deep-link|notification|external-link,not-navigated-by-literal,none,STACK_RETURN + DEEP_LINK_FALLBACK to a canonical parent,no,unknown,MISSING,unknown,NO,DEEPLINK_ESCAPE_MISSING,addressable detail with no product-owned return,RestrictedMediaScreen,lib/features/media_governance/presentation/restricted_media_screen.dart
/thread/:id,other,in-app|deep-link|notification|external-link,not-navigated-by-literal,own back icon; pop()+canPop; go(fixed),STACK_RETURN with PARENT_RETURN fallback,yes,unknown,yes,ok,yes,COMPLIANT,own affordance + stack-aware pop,ThreadScreen,lib/features/public/presentation/thread_screen.dart
/spaces,other,in-app|deep-link,go=3 push=1,none,PARENT_RETURN,no,yes,n/a,unknown,NO,MISSING_RETURN_PATH,child destination with no product-owned return,SpacesDiscoveryScreen,lib/features/public/presentation/spaces_discovery_screen.dart
/spaces/:slug,other,in-app|deep-link|notification|external-link,push=2,go(fixed),STACK_RETURN + DEEP_LINK_FALLBACK to a canonical parent,no,yes,MISSING,unknown,NO,DEEPLINK_ESCAPE_MISSING,addressable detail with no product-owned return,SpaceDetailScreen,lib/features/public/presentation/space_detail_screen.dart
/aura/participation,other,in-app|deep-link,push=2,none,PARENT_RETURN,no,yes,n/a,unknown,NO,MISSING_RETURN_PATH,child destination with no product-owned return,TransparencyScreen,lib/features/public/presentation/transparency_screen.dart
/author/:handle,other,in-app|deep-link|notification|external-link,push=1,none,n/a,no,yes,yes,ok,yes,NOT_A_SURFACE,redirect-only route,,
/u/:handle,directory/profile,in-app|deep-link|notification|external-link,push=4,none,STACK_RETURN + DEEP_LINK_FALLBACK to a canonical parent,no,yes,MISSING,unknown,NO,DEEPLINK_ESCAPE_MISSING,addressable detail with no product-owned return,AuthorProfileScreen,lib/features/profile/presentation/author_profile_screen.dart
/u/:handle/followers,directory/profile,in-app|deep-link|notification|external-link,push=2,none,STACK_RETURN + DEEP_LINK_FALLBACK to a canonical parent,no,yes,MISSING,unknown,NO,DEEPLINK_ESCAPE_MISSING,addressable detail with no product-owned return,FollowersScreen,lib/features/profile/presentation/followers_screen.dart
/u/:handle/following,directory/profile,in-app|deep-link|notification|external-link,push=2,none,STACK_RETURN + DEEP_LINK_FALLBACK to a canonical parent,no,yes,MISSING,unknown,NO,DEEPLINK_ESCAPE_MISSING,addressable detail with no product-owned return,FollowingScreen,lib/features/profile/presentation/following_screen.dart
/support/:handle,other,in-app|deep-link|notification|external-link,not-navigated-by-literal,none,STACK_RETURN + DEEP_LINK_FALLBACK to a canonical parent,no,unknown,MISSING,unknown,NO,DEEPLINK_ESCAPE_MISSING,addressable detail with no product-owned return,SupportFallbackScreen,lib/screens/support_fallback_screen.dart
/login,machinery/gate,in-app|deep-link,go=5 push=1,own back icon,governed by RC4 destination continuity,yes,yes,n/a,ok,yes,PROTECTED_BOUNDARY,auth/boot machinery,AuthScreen,lib/features/auth/presentation/auth_screen.dart
/register,machinery/gate,in-app|deep-link,go=2 push=1,go(fixed),governed by RC4 destination continuity,no,yes,n/a,ok,yes,PROTECTED_BOUNDARY,auth/boot machinery,RegisterScreen,lib/features/auth/presentation/register_screen.dart
/forgot-password,machinery/gate,in-app|deep-link,not-navigated-by-literal,none,governed by RC4 destination continuity,no,unknown,n/a,ok,yes,PROTECTED_BOUNDARY,auth/boot machinery,ForgotPasswordScreen,lib/features/auth/presentation/forgot_password_screen.dart
/reset-password,machinery/gate,in-app|deep-link,not-navigated-by-literal,none,governed by RC4 destination continuity,no,unknown,n/a,ok,yes,PROTECTED_BOUNDARY,auth/boot machinery,ResetPasswordScreen,lib/features/auth/presentation/reset_password_screen.dart
/verify-email,other,in-app|deep-link,not-navigated-by-literal,go(fixed),PARENT_RETURN,no,unknown,n/a,unknown,NO,MISSING_RETURN_PATH,child destination with no product-owned return,VerifyEmailScreen,lib/features/auth/presentation/verify_email_screen.dart
/verify-pending,machinery/gate,in-app|deep-link,go=1,go(fixed),governed by RC4 destination continuity,no,no — reached by go(),n/a,ok,yes,PROTECTED_BOUNDARY,auth/boot machinery,VerifyPendingScreen,lib/features/auth/presentation/verify_pending_screen.dart
/complete-identity,machinery/gate,in-app|deep-link,not-navigated-by-literal,none,governed by RC4 destination continuity,no,unknown,n/a,ok,yes,PROTECTED_BOUNDARY,auth/boot machinery,IdentityBaselineScreen,lib/features/auth/presentation/identity_baseline_screen.dart
/home,other,in-app|deep-link,go=9,none,ROOT_NO_RETURN,no,no — reached by go(),n/a,ok,yes,ROOT_NO_RETURN_REQUIRED,primary destination,MemberHomeScreen,lib/features/home/presentation/member_home_screen.dart
/institution/:institutionId/meetings,institution,in-app|deep-link|notification|external-link,not-navigated-by-literal,pop() UNGUARDED,TERMINAL_EXIT / governed by its own domain,no,unknown,yes,ok,yes,PROTECTED_BOUNDARY,Meetings/Live — audit only,MeetingsHomeScreen,lib/features/meetings/presentation/meetings_home_screen.dart
/institution/:institutionId/meetings/new,institution,in-app|deep-link|notification|external-link,not-navigated-by-literal,own back icon; pop() UNGUARDED,TERMINAL_EXIT / governed by its own domain,yes,unknown,yes,ok,yes,PROTECTED_BOUNDARY,Meetings/Live — audit only,CreateMeetingScreen,lib/features/meetings/presentation/create_meeting_screen.dart
/meetings/join,meetings/live (protected),in-app|deep-link,go=3,shared page showBack; go(fixed),TERMINAL_EXIT / governed by its own domain,yes,no — reached by go(),n/a,ok,yes,PROTECTED_BOUNDARY,Meetings/Live — audit only,MeetingJoinFallbackScreen,lib/features/meetings/presentation/meeting_join_fallback_screen.dart
/meetings/keep,meetings/live (protected),in-app|deep-link,not-navigated-by-literal,go(fixed),TERMINAL_EXIT / governed by its own domain,no,unknown,n/a,ok,yes,PROTECTED_BOUNDARY,Meetings/Live — audit only,KeepMeetingScreen,lib/features/meetings/presentation/keep_meeting_screen.dart
/meetings/join-error,meetings/live (protected),in-app|deep-link,not-navigated-by-literal,shared page showBack; go(fixed),TERMINAL_EXIT / governed by its own domain,yes,unknown,n/a,ok,yes,PROTECTED_BOUNDARY,Meetings/Live — audit only,MeetingJoinErrorScreen,lib/features/meetings/presentation/meeting_join_error_screen.dart
/meetings/join/:code,meetings/live (protected),in-app|deep-link|notification|external-link,go=2 push=1,shared page showBack; go(fixed),TERMINAL_EXIT / governed by its own domain,yes,yes,yes,ok,yes,PROTECTED_BOUNDARY,Meetings/Live — audit only,PreJoinScreen,lib/features/meetings/presentation/pre_join_screen.dart
/meetings/:id,meetings/live (protected),in-app|deep-link|notification|external-link,not-navigated-by-literal,own back icon; pop()+canPop; go(fixed),TERMINAL_EXIT / governed by its own domain,yes,unknown,yes,ok,yes,PROTECTED_BOUNDARY,Meetings/Live — audit only,MeetingDetailScreen,lib/features/meetings/presentation/meeting_detail_screen.dart
/meetings/:meetingId/prep,meetings/live (protected),in-app|deep-link|notification|external-link,not-navigated-by-literal,own back icon; pop()+canPop; go(fixed),TERMINAL_EXIT / governed by its own domain,yes,unknown,yes,ok,yes,PROTECTED_BOUNDARY,Meetings/Live — audit only,MeetingDetailScreen,lib/features/meetings/presentation/meeting_detail_screen.dart
/meetings/:meetingId/room,meetings/live (protected),in-app|deep-link|notification|external-link,not-navigated-by-literal,own back icon; pop()+canPop; go(fixed),TERMINAL_EXIT / governed by its own domain,yes,unknown,yes,ok,yes,PROTECTED_BOUNDARY,Meetings/Live — audit only,MeetingDetailScreen,lib/features/meetings/presentation/meeting_detail_screen.dart
/meetings/:meetingId/waiting,meetings/live (protected),in-app|deep-link|notification|external-link,go=1,shared page showBack; pop() UNGUARDED,TERMINAL_EXIT / governed by its own domain,yes,no — reached by go(),yes,ok,yes,PROTECTED_BOUNDARY,Meetings/Live — audit only,GuestWaitingRoomScreen,lib/features/meetings/presentation/guest_waiting_room_screen.dart
/meetings/:meetingId/live,meetings/live (protected),in-app|deep-link|notification|external-link,not-navigated-by-literal,own back icon; pop() UNGUARDED,TERMINAL_EXIT / governed by its own domain,yes,unknown,yes,ok,yes,PROTECTED_BOUNDARY,Meetings/Live — audit only,MeetingLiveRoomScreen,lib/features/meetings/presentation/meeting_live_room_screen.dart
/meetings/:meetingId/summary,meetings/live (protected),in-app|deep-link|notification|external-link,not-navigated-by-literal,own back icon; pop()+canPop; go(fixed),TERMINAL_EXIT / governed by its own domain,yes,unknown,yes,ok,yes,PROTECTED_BOUNDARY,Meetings/Live — audit only,MeetingDetailScreen,lib/features/meetings/presentation/meeting_detail_screen.dart
/meetings/:meetingId/post-meeting,meetings/live (protected),in-app|deep-link|notification|external-link,not-navigated-by-literal,own back icon; pop()+canPop; go(fixed),TERMINAL_EXIT / governed by its own domain,yes,unknown,yes,ok,yes,PROTECTED_BOUNDARY,Meetings/Live — audit only,MeetingDetailScreen,lib/features/meetings/presentation/meeting_detail_screen.dart
/institution/:institutionId/meetings/:meetingId,institution,in-app|deep-link|notification|external-link,go=2,own back icon; pop()+canPop; go(fixed),TERMINAL_EXIT / governed by its own domain,yes,no — reached by go(),yes,ok,yes,PROTECTED_BOUNDARY,Meetings/Live — audit only,MeetingDetailScreen,lib/features/meetings/presentation/meeting_detail_screen.dart
/institution/:institutionId/meetings/:meetingId/prep,institution,in-app|deep-link|notification|external-link,not-navigated-by-literal,own back icon; pop()+canPop; go(fixed),TERMINAL_EXIT / governed by its own domain,yes,unknown,yes,ok,yes,PROTECTED_BOUNDARY,Meetings/Live — audit only,MeetingDetailScreen,lib/features/meetings/presentation/meeting_detail_screen.dart
/institution/:institutionId/meetings/:meetingId/room,institution,in-app|deep-link|notification|external-link,not-navigated-by-literal,own back icon; pop()+canPop; go(fixed),TERMINAL_EXIT / governed by its own domain,yes,unknown,yes,ok,yes,PROTECTED_BOUNDARY,Meetings/Live — audit only,MeetingDetailScreen,lib/features/meetings/presentation/meeting_detail_screen.dart
/institution/:institutionId/meetings/:meetingId/waiting,institution,in-app|deep-link|notification|external-link,not-navigated-by-literal,shared page showBack; pop() UNGUARDED,TERMINAL_EXIT / governed by its own domain,yes,unknown,yes,ok,yes,PROTECTED_BOUNDARY,Meetings/Live — audit only,GuestWaitingRoomScreen,lib/features/meetings/presentation/guest_waiting_room_screen.dart
/institution/:institutionId/meetings/:meetingId/live,institution,in-app|deep-link|notification|external-link,not-navigated-by-literal,own back icon; pop() UNGUARDED,TERMINAL_EXIT / governed by its own domain,yes,unknown,yes,ok,yes,PROTECTED_BOUNDARY,Meetings/Live — audit only,MeetingLiveRoomScreen,lib/features/meetings/presentation/meeting_live_room_screen.dart
/institution/:institutionId/meetings/:meetingId/summary,institution,in-app|deep-link|notification|external-link,not-navigated-by-literal,own back icon; pop()+canPop; go(fixed),TERMINAL_EXIT / governed by its own domain,yes,unknown,yes,ok,yes,PROTECTED_BOUNDARY,Meetings/Live — audit only,MeetingDetailScreen,lib/features/meetings/presentation/meeting_detail_screen.dart
/institution/:institutionId/meetings/:meetingId/post-meeting,institution,in-app|deep-link|notification|external-link,not-navigated-by-literal,own back icon; pop()+canPop; go(fixed),TERMINAL_EXIT / governed by its own domain,yes,unknown,yes,ok,yes,PROTECTED_BOUNDARY,Meetings/Live — audit only,MeetingDetailScreen,lib/features/meetings/presentation/meeting_detail_screen.dart
/institution/:institutionId/availability,institution,in-app|deep-link|notification|external-link,not-navigated-by-literal,pop() UNGUARDED,STACK_RETURN + DEEP_LINK_FALLBACK to a canonical parent,no,unknown,MISSING,unknown,NO,DEEPLINK_ESCAPE_MISSING,addressable detail with no product-owned return,InstitutionAvailabilityScreen,lib/features/meetings/presentation/institution_availability_screen.dart
/i/:institutionSlug/meet/:bookingSlug,meetings/live (protected),in-app|deep-link|notification|external-link,not-navigated-by-literal,go(fixed),TERMINAL_EXIT / governed by its own domain,no,unknown,yes,ok,yes,PROTECTED_BOUNDARY,Meetings/Live — audit only,InstitutionPublicBookingScreen,lib/features/meetings/presentation/public_booking_screen.dart
/i/:institutionSlug/meet/cancel/:token,meetings/live (protected),in-app|deep-link|notification|external-link,not-navigated-by-literal,go(fixed),TERMINAL_EXIT / governed by its own domain,no,unknown,yes,ok,yes,PROTECTED_BOUNDARY,Meetings/Live — audit only,BookingCancelScreen,lib/features/meetings/presentation/booking_cancel_screen.dart
/meet/cancel/:token,meetings/live (protected),in-app|deep-link|notification|external-link,not-navigated-by-literal,go(fixed),TERMINAL_EXIT / governed by its own domain,no,unknown,yes,ok,yes,PROTECTED_BOUNDARY,Meetings/Live — audit only,BookingCancelScreen,lib/features/meetings/presentation/booking_cancel_screen.dart
/i/:institutionSlug/meet/reschedule/:token,meetings/live (protected),in-app|deep-link|notification|external-link,not-navigated-by-literal,none,TERMINAL_EXIT / governed by its own domain,no,unknown,yes,ok,yes,PROTECTED_BOUNDARY,Meetings/Live — audit only,RescheduleRouteEntry,lib/features/meetings/presentation/booking_route_entry.dart
/meet/reschedule/:token,meetings/live (protected),in-app|deep-link|notification|external-link,not-navigated-by-literal,none,TERMINAL_EXIT / governed by its own domain,no,unknown,yes,ok,yes,PROTECTED_BOUNDARY,Meetings/Live — audit only,RescheduleRouteEntry,lib/features/meetings/presentation/booking_route_entry.dart
/i/:institutionSlug/meet/:bookingSlug/book,meetings/live (protected),in-app|deep-link|notification|external-link,not-navigated-by-literal,none,TERMINAL_EXIT / governed by its own domain,no,unknown,yes,ok,yes,PROTECTED_BOUNDARY,Meetings/Live — audit only,BookingRouteEntry,lib/features/meetings/presentation/booking_route_entry.dart
/messages,conversation,in-app|deep-link,not-navigated-by-literal,none,ROOT_NO_RETURN,no,unknown,n/a,ok,yes,ROOT_NO_RETURN_REQUIRED,primary destination,MessagesScreen,lib/features/conversation/presentation/messages_screen.dart
/messages/new,conversation,in-app|deep-link,not-navigated-by-literal,none,PARENT_RETURN,no,unknown,n/a,unknown,NO,MISSING_RETURN_PATH,child destination with no product-owned return,NewConversationPicker,lib/features/conversation/presentation/new_conversation_picker.dart
/messages/c/:conversationId,conversation,in-app|deep-link|notification|external-link,replace=1,own back icon; pop()+canPop,STACK_RETURN with PARENT_RETURN fallback,yes,unknown,yes,ok,yes,COMPLIANT,own affordance + stack-aware pop,ConversationScreen,lib/features/conversation/presentation/conversation_screen.dart
/discover/people,discover,in-app|deep-link,not-navigated-by-literal,none,PARENT_RETURN,no,unknown,n/a,unknown,NO,MISSING_RETURN_PATH,child destination with no product-owned return,PeopleDiscoveryScreen,lib/features/discover/presentation/people_discovery_screen.dart
/discover/articles,discover,in-app|deep-link,not-navigated-by-literal,none,PARENT_RETURN,no,unknown,n/a,unknown,NO,MISSING_RETURN_PATH,child destination with no product-owned return,ArticlesDiscoveryScreen,lib/features/discover/presentation/articles_discovery_screen.dart
/discover/institutions,discover,in-app|deep-link,not-navigated-by-literal,none,PARENT_RETURN,no,unknown,n/a,unknown,NO,MISSING_RETURN_PATH,child destination with no product-owned return,InstitutionsDiscoveryScreen,lib/features/discover/presentation/institutions_discovery_screen.dart
/articles/write,publication,in-app|deep-link,not-navigated-by-literal,own back icon; pop()+canPop,STACK_RETURN with PARENT_RETURN fallback,yes,unknown,n/a,ok,yes,COMPLIANT,own affordance + stack-aware pop,ArticleEditorScreen,lib/features/articles/presentation/article_editor_screen.dart
/articles/write/:articleId,publication,in-app|deep-link|notification|external-link,not-navigated-by-literal,own back icon; pop()+canPop,STACK_RETURN with PARENT_RETURN fallback,yes,unknown,yes,ok,yes,COMPLIANT,own affordance + stack-aware pop,ArticleEditorScreen,lib/features/articles/presentation/article_editor_screen.dart
/articles/:slug,publication,in-app|deep-link|notification|external-link,not-navigated-by-literal,none,STACK_RETURN + DEEP_LINK_FALLBACK to a canonical parent,no,unknown,MISSING,unknown,NO,DEEPLINK_ESCAPE_MISSING,addressable detail with no product-owned return,ArticleScreen,lib/features/articles/presentation/article_screen.dart
/i/:token,other,in-app|deep-link|notification|external-link,not-navigated-by-literal,go(fixed),STACK_RETURN + DEEP_LINK_FALLBACK to a canonical parent,no,unknown,MISSING,unknown,NO,DEEPLINK_ESCAPE_MISSING,addressable detail with no product-owned return,ClaimInvitationScreen,lib/features/conversation/presentation/claim_invitation_screen.dart
/messages/direct,conversation,in-app|deep-link,not-navigated-by-literal,none,n/a,no,unknown,n/a,ok,yes,NOT_A_SURFACE,redirect-only route,,
/messages/direct/archived,conversation,in-app|deep-link,not-navigated-by-literal,none,n/a,no,unknown,n/a,ok,yes,NOT_A_SURFACE,redirect-only route,,
/create,other,in-app|deep-link,not-navigated-by-literal,go(fixed),ROOT_NO_RETURN,no,unknown,n/a,ok,yes,ROOT_NO_RETURN_REQUIRED,primary destination,CreateHubScreen,lib/features/create/presentation/create_hub_screen.dart
/saved,other,in-app|deep-link,go=1,none,PARENT_RETURN,no,no — reached by go(),n/a,unknown,NO,MISSING_RETURN_PATH,child destination with no product-owned return,SavedScreen,lib/features/saves/presentation/saved_screen.dart
/updates,other,in-app|deep-link,go=1,go(fixed),PARENT_RETURN,no,no — reached by go(),n/a,unknown,NO,MISSING_RETURN_PATH,child destination with no product-owned return,UpdatesScreen,lib/features/updates/presentation/updates_screen.dart
/conversations,other,in-app|deep-link,not-navigated-by-literal,none,n/a,no,unknown,n/a,ok,yes,NOT_A_SURFACE,redirect-only route,,
/activity,other,in-app|deep-link,not-navigated-by-literal,none,PARENT_RETURN,no,unknown,n/a,unknown,NO,MISSING_RETURN_PATH,child destination with no product-owned return,ActivityScreen,lib/features/activity/presentation/activity_screen.dart
/ai/claim-audit,other,in-app|deep-link,go=1,none,PARENT_RETURN,no,no — reached by go(),n/a,unknown,NO,MISSING_RETURN_PATH,child destination with no product-owned return,ClaimAuditScreen,lib/features/ai/presentation/claim_audit_screen.dart
/me,me/identity,in-app|deep-link,go=2 push=1,none,PARENT_RETURN,no,yes,n/a,unknown,NO,MISSING_RETURN_PATH,child destination with no product-owned return,MeScreen,lib/features/me/presentation/me_screen.dart
/me/edit,me/identity,in-app|deep-link,push=4,pop() UNGUARDED; PopScope,PARENT_RETURN,no,yes,n/a,unknown,NO,MISSING_RETURN_PATH,child destination with no product-owned return,EditProfileScreen,lib/features/me/presentation/edit_profile_screen.dart
/security,other,in-app|deep-link,go=1 push=2,pop() UNGUARDED; go(fixed),PARENT_RETURN,no,yes,n/a,unknown,NO,MISSING_RETURN_PATH,child destination with no product-owned return,SecurityScreen,lib/features/me/presentation/security_screen.dart
/devices,other,in-app|deep-link,push=1,pop() UNGUARDED,PARENT_RETURN,no,yes,n/a,unknown,NO,MISSING_RETURN_PATH,child destination with no product-owned return,DevicesScreen,lib/features/devices/presentation/devices_screen.dart
/change-password,other,in-app|deep-link,go=1,AppBar; pop() UNGUARDED,STACK_RETURN needs a PARENT_RETURN fallback,yes,no — reached by go(),n/a,unknown,NO,WRONG_RETURN_SEMANTICS,affordance pops without checking the stack,ChangePasswordScreen,lib/features/me/presentation/change_password_screen.dart
/settings/communications,other,in-app|deep-link,not-navigated-by-literal,none,n/a,no,unknown,n/a,ok,yes,NOT_A_SURFACE,redirect-only route,,
/me/settings/communications,me/identity,in-app|deep-link,go=1,none,PARENT_RETURN,no,no — reached by go(),n/a,unknown,NO,MISSING_RETURN_PATH,child destination with no product-owned return,CommunicationsCenterScreen,lib/features/communications/presentation/communications_center_screen.dart
/me/follow-requests,me/identity,in-app|deep-link,push=2,own back icon,STACK_RETURN,yes,yes,n/a,ok,yes,COMPLIANT,own affordance,FollowRequestsScreen,lib/features/profile/presentation/follow_requests_screen.dart
/me/invitations,me/identity,in-app|deep-link,go=1 push=2,none,PARENT_RETURN,no,yes,n/a,unknown,NO,MISSING_RETURN_PATH,child destination with no product-owned return,InvitationsScreen,lib/features/invitations/presentation/invitations_screen.dart
/invite,other,in-app|deep-link,push=2,none,PARENT_RETURN,no,yes,n/a,unknown,NO,MISSING_RETURN_PATH,child destination with no product-owned return,InviteHubScreen,lib/features/invitations/presentation/invite_hub_screen.dart
/invite/create,other,in-app|deep-link,not-navigated-by-literal,own back icon,STACK_RETURN,yes,unknown,n/a,ok,yes,COMPLIANT,own affordance,InviteCreateScreen,lib/features/invitations/presentation/invite_create_screen.dart
/invite/accept,other,in-app|deep-link,not-navigated-by-literal,go(fixed),PARENT_RETURN,no,unknown,n/a,unknown,NO,MISSING_RETURN_PATH,child destination with no product-owned return,InviteAcceptScreen,lib/features/invitations/presentation/invite_accept_screen.dart
/invite/import,other,in-app|deep-link,push=1,own back icon; AppBar; pop() UNGUARDED,STACK_RETURN needs a PARENT_RETURN fallback,yes,yes,n/a,unknown,NO,WRONG_RETURN_SEMANTICS,affordance pops without checking the stack,ContactImportScreen,lib/features/invitations/presentation/contact_import_screen.dart
/admin,admin,in-app|deep-link,go=1 push=1,go(fixed),PARENT_RETURN,no,yes,n/a,unknown,NO,MISSING_RETURN_PATH,child destination with no product-owned return,AdminWorkspaceScreen,lib/features/institutions/presentation/admin_workspace_screen.dart
/admin/communications,admin,in-app|deep-link,go=1,none,PARENT_RETURN,no,no — reached by go(),n/a,unknown,NO,MISSING_RETURN_PATH,child destination with no product-owned return,AdminCommunicationsScreen,lib/features/admin/presentation/admin_communications_screen.dart
/admin/institutions,admin,in-app|deep-link,go=1,own back icon; go(fixed),STACK_RETURN with PARENT_RETURN fallback,yes,no — reached by go(),n/a,unknown,yes,HARDCODED_PARENT_RETURN,back-looking control navigates to a FIXED path,AdminInstitutionsScreen,lib/features/admin/presentation/admin_institutions_screen.dart
/admin/institutions/:id/members,admin,in-app|deep-link|notification|external-link,not-navigated-by-literal,pop() UNGUARDED,STACK_RETURN + DEEP_LINK_FALLBACK to a canonical parent,no,unknown,MISSING,unknown,NO,DEEPLINK_ESCAPE_MISSING,addressable detail with no product-owned return,AdminInstitutionMembersScreen,lib/features/admin/presentation/admin_institution_members_screen.dart
/admin/users,admin,in-app|deep-link,go=2,none,PARENT_RETURN,no,no — reached by go(),n/a,unknown,NO,MISSING_RETURN_PATH,child destination with no product-owned return,AdminUsersScreen,lib/features/admin/presentation/admin_users_screen.dart
/admin/grants,admin,in-app|deep-link,go=1,none,PARENT_RETURN,no,no — reached by go(),n/a,unknown,NO,MISSING_RETURN_PATH,child destination with no product-owned return,AdminGrantsScreen,lib/features/admin/presentation/admin_grants_screen.dart
/admin/audit-logs,admin,in-app|deep-link,go=1,none,PARENT_RETURN,no,no — reached by go(),n/a,unknown,NO,MISSING_RETURN_PATH,child destination with no product-owned return,AdminAuditLogsScreen,lib/features/admin/presentation/admin_audit_logs_screen.dart
/admin/settings,admin,in-app|deep-link,go=1,none,PARENT_RETURN,no,no — reached by go(),n/a,unknown,NO,MISSING_RETURN_PATH,child destination with no product-owned return,AdminSettingsScreen,lib/features/admin/presentation/admin_settings_screen.dart
/admin/feature-flags,admin,in-app|deep-link,go=1,none,PARENT_RETURN,no,no — reached by go(),n/a,unknown,NO,MISSING_RETURN_PATH,child destination with no product-owned return,AdminFeatureFlagsScreen,lib/features/admin/presentation/admin_feature_flags_screen.dart
/admin/institution-domains,admin,in-app|deep-link,go=1,none,PARENT_RETURN,no,no — reached by go(),n/a,unknown,NO,MISSING_RETURN_PATH,child destination with no product-owned return,AdminInstitutionDomainsScreen,lib/features/admin/presentation/admin_institution_domains_screen.dart
/admin/review-queue,admin,in-app|deep-link,go=2,own back icon,STACK_RETURN,yes,no — reached by go(),n/a,ok,yes,COMPLIANT,own affordance,AdminReviewQueueScreen,lib/features/admin/presentation/admin_review_queue_screen.dart
/admin/migrations,admin,in-app|deep-link,not-navigated-by-literal,none,PARENT_RETURN,no,unknown,n/a,unknown,NO,MISSING_RETURN_PATH,child destination with no product-owned return,AdminMigrationsScreen,lib/features/admin/presentation/admin_migrations_screen.dart
/admin/policies,admin,in-app|deep-link,go=1,none,PARENT_RETURN,no,no — reached by go(),n/a,unknown,NO,MISSING_RETURN_PATH,child destination with no product-owned return,AdminPoliciesScreen,lib/features/admin/presentation/admin_policies_screen.dart
/admin/moderation,admin,in-app|deep-link,go=1,pop() UNGUARDED,PARENT_RETURN,no,no — reached by go(),n/a,unknown,NO,MISSING_RETURN_PATH,child destination with no product-owned return,AdminModerationScreen,lib/features/admin/presentation/admin_moderation_screen.dart
/admin/media-appeals,admin,in-app|deep-link,not-navigated-by-literal,none,PARENT_RETURN,no,unknown,n/a,unknown,NO,MISSING_RETURN_PATH,child destination with no product-owned return,AdminMediaAppealsScreen,lib/features/admin/presentation/admin_media_appeals_screen.dart
/admin/support,admin,in-app|deep-link,go=1,own back icon,STACK_RETURN,yes,no — reached by go(),n/a,ok,yes,COMPLIANT,own affordance,AdminSupportConsoleScreen,lib/features/support/presentation/admin_support_console_screen.dart
/compose,other,in-app|deep-link,push=1,own back icon; pop()+canPop; go(fixed),STACK_RETURN with PARENT_RETURN fallback,yes,yes,n/a,ok,yes,COMPLIANT,own affordance + stack-aware pop,ComposeScreen,lib/features/posts/presentation/compose_screen.dart
/posts/:postId/edit,publication,in-app|deep-link|notification|external-link,push=1,own back icon; pop()+canPop; go(fixed),STACK_RETURN with PARENT_RETURN fallback,yes,yes,yes,ok,yes,COMPLIANT,own affordance + stack-aware pop,ComposeScreen,lib/features/posts/presentation/compose_screen.dart
/enter-institution,machinery/gate,in-app|deep-link,not-navigated-by-literal,none,governed by RC4 destination continuity,no,unknown,n/a,ok,yes,PROTECTED_BOUNDARY,auth/boot machinery,InstitutionSignInScreen,lib/screens/institution_sign_in_screen.dart
/institution/standing,institution,in-app|deep-link,not-navigated-by-literal,none,PARENT_RETURN,no,unknown,n/a,unknown,NO,MISSING_RETURN_PATH,child destination with no product-owned return,InstitutionStandingScreen,lib/features/institutions/presentation/institution_standing_screen.dart
/institution/dashboard,institution,in-app|deep-link,go=6 push=2,none,n/a,no,yes,n/a,ok,yes,NOT_A_SURFACE,shorthand redirect with a loading placeholder,,
/institution/:institutionId/dashboard,institution,in-app|deep-link|notification|external-link,not-navigated-by-literal,none,ROOT_NO_RETURN (shell owns lateral movement),no,unknown,yes,ok,yes,ROOT_NO_RETURN_REQUIRED,institution workspace root,InstitutionDashboardScreen,lib/features/institutions/presentation/institution_dashboard_screen.dart
/institution/domains,institution,in-app|deep-link,not-navigated-by-literal,none,n/a,no,unknown,n/a,ok,yes,NOT_A_SURFACE,shorthand redirect with a loading placeholder,,
/institution/:institutionId/domains,institution,in-app|deep-link|notification|external-link,not-navigated-by-literal,pop() UNGUARDED,STACK_RETURN + DEEP_LINK_FALLBACK to a canonical parent,no,unknown,MISSING,unknown,NO,DEEPLINK_ESCAPE_MISSING,addressable detail with no product-owned return,InstitutionDomainsScreen,lib/features/institutions/domain/institution_domains_screen.dart
/institution/:institutionId/units/:unitId,institution,in-app|deep-link|notification|external-link,not-navigated-by-literal,none,STACK_RETURN + DEEP_LINK_FALLBACK to a canonical parent,no,unknown,MISSING,unknown,NO,DEEPLINK_ESCAPE_MISSING,addressable detail with no product-owned return,InstitutionUnitContextScreen,lib/features/institutions/units/institution_unit_context_screen.dart
/institution/:institutionId/units,institution,in-app|deep-link|notification|external-link,not-navigated-by-literal,pop() UNGUARDED,STACK_RETURN + DEEP_LINK_FALLBACK to a canonical parent,no,unknown,MISSING,unknown,NO,DEEPLINK_ESCAPE_MISSING,addressable detail with no product-owned return,InstitutionUnitsScreen,lib/features/institutions/units/institution_units_screen.dart
/institution/:institutionId/public-engagement,institution,in-app|deep-link|notification|external-link,not-navigated-by-literal,none,STACK_RETURN + DEEP_LINK_FALLBACK to a canonical parent,no,unknown,MISSING,unknown,NO,DEEPLINK_ESCAPE_MISSING,addressable detail with no product-owned return,EngagementListScreen,lib/features/institutions/engagement/engagement_list_screen.dart
/institution/:institutionId/public-engagement/participation,institution,in-app|deep-link|notification|external-link,push=1,pop() UNGUARDED,STACK_RETURN + DEEP_LINK_FALLBACK to a canonical parent,no,yes,MISSING,unknown,NO,DEEPLINK_ESCAPE_MISSING,addressable detail with no product-owned return,ParticipationScreen,lib/features/institutions/participation/participation_screen.dart
/institution/:institutionId/public-engagement/:recordId,institution,in-app|deep-link|notification|external-link,push=1,pop() UNGUARDED,STACK_RETURN + DEEP_LINK_FALLBACK to a canonical parent,no,yes,MISSING,unknown,NO,DEEPLINK_ESCAPE_MISSING,addressable detail with no product-owned return,EngagementDetailScreen,lib/features/institutions/engagement/engagement_detail_screen.dart
/institution/profile,institution,in-app|deep-link,not-navigated-by-literal,none,n/a,no,unknown,n/a,ok,yes,NOT_A_SURFACE,shorthand redirect with a loading placeholder,,
/institution/:institutionId/profile,institution,in-app|deep-link|notification|external-link,not-navigated-by-literal,none,STACK_RETURN + DEEP_LINK_FALLBACK to a canonical parent,no,unknown,MISSING,unknown,NO,DEEPLINK_ESCAPE_MISSING,addressable detail with no product-owned return,InstitutionProfileScreen,lib/features/institutions/profile/institution_profile_screen.dart
/institution/edit-profile,institution,in-app|deep-link,not-navigated-by-literal,none,n/a,no,unknown,n/a,ok,yes,NOT_A_SURFACE,shorthand redirect with a loading placeholder,,
/institution/:institutionId/edit-profile,institution,in-app|deep-link|notification|external-link,not-navigated-by-literal,own back icon,STACK_RETURN,yes,unknown,yes,ok,yes,COMPLIANT,own affordance,InstitutionEditProfileScreen,lib/features/institutions/profile/institution_edit_profile_screen.dart
/institution/request-verification,institution,in-app|deep-link,not-navigated-by-literal,none,n/a,no,unknown,n/a,ok,yes,NOT_A_SURFACE,shorthand redirect with a loading placeholder,,
/institution/:institutionId/request-verification,institution,in-app|deep-link|notification|external-link,not-navigated-by-literal,none,STACK_RETURN + DEEP_LINK_FALLBACK to a canonical parent,no,unknown,MISSING,unknown,NO,DEEPLINK_ESCAPE_MISSING,addressable detail with no product-owned return,InstitutionRequestVerificationScreen,lib/features/institutions/verification/institution_request_verification_screen.dart
/institution/correspondence,institution,in-app|deep-link,not-navigated-by-literal,none,n/a,no,unknown,n/a,ok,yes,NOT_A_SURFACE,redirect-only route,,
/institution/:institutionId/correspondence,institution,in-app|deep-link|notification|external-link,not-navigated-by-literal,none,n/a,no,unknown,yes,ok,yes,NOT_A_SURFACE,redirect-only route,,
/institution/announcements,institution,in-app|deep-link,not-navigated-by-literal,none,n/a,no,unknown,n/a,ok,yes,NOT_A_SURFACE,redirect-only route,,
/institution/live-rooms,institution,in-app|deep-link,not-navigated-by-literal,none,n/a,no,unknown,n/a,ok,yes,NOT_A_SURFACE,redirect-only route,,
/institution/:institutionId/live-rooms,institution,in-app|deep-link|notification|external-link,not-navigated-by-literal,own back icon; pop() UNGUARDED; go(fixed),STACK_RETURN needs a PARENT_RETURN fallback,yes,unknown,yes,unknown,NO,WRONG_RETURN_SEMANTICS,affordance pops without checking the stack,InstitutionLiveRoomsScreen,lib/features/institutions/live_rooms/institution_live_rooms_screen.dart
/institution/:institutionId/announcements,institution,in-app|deep-link|notification|external-link,go=2,own back icon; go(fixed),ROOT_NO_RETURN (shell owns lateral movement),yes,no — reached by go(),yes,ok,yes,ROOT_NO_RETURN_REQUIRED,institution workspace root,InstitutionAnnouncementsScreen,lib/features/institutions/announcements/institution_announcements_screen.dart
/institution/:institutionId/announcements/new,institution,in-app|deep-link|notification|external-link,not-navigated-by-literal,none,STACK_RETURN + DEEP_LINK_FALLBACK to a canonical parent,no,unknown,MISSING,unknown,NO,DEEPLINK_ESCAPE_MISSING,addressable detail with no product-owned return,InstitutionRouteScope,lib/core/institutions/institution_route_scope.dart
/institution/:institutionId/announcements/:announcementId/edit,institution,in-app|deep-link|notification|external-link,push=1,none,STACK_RETURN + DEEP_LINK_FALLBACK to a canonical parent,no,yes,MISSING,unknown,NO,DEEPLINK_ESCAPE_MISSING,addressable detail with no product-owned return,InstitutionRouteScope,lib/core/institutions/institution_route_scope.dart
/institution/:institutionId/spaces,institution,in-app|deep-link|notification|external-link,go=2 push=1,own back icon,ROOT_NO_RETURN (shell owns lateral movement),yes,yes,yes,ok,yes,ROOT_NO_RETURN_REQUIRED,institution workspace root,InstitutionSpacesScreen,lib/features/institutions/presentation/institution_spaces_screen.dart
/institution/:institutionId/spaces/:spaceAddress,institution,in-app|deep-link|notification|external-link,not-navigated-by-literal,none,STACK_RETURN + DEEP_LINK_FALLBACK to a canonical parent,no,unknown,MISSING,unknown,NO,DEEPLINK_ESCAPE_MISSING,addressable detail with no product-owned return,InstitutionSpaceScreen,lib/features/institutions/spaces/institution_space_screen.dart
/institution/:institutionId/members,institution,in-app|deep-link|notification|external-link,not-navigated-by-literal,own back icon,ROOT_NO_RETURN (shell owns lateral movement),yes,unknown,yes,ok,yes,ROOT_NO_RETURN_REQUIRED,institution workspace root,InstitutionMembersScreen,lib/features/institutions/presentation/institution_members_screen.dart
/institution/:institutionId/invites,institution,in-app|deep-link|notification|external-link,push=1,own back icon,STACK_RETURN,yes,yes,yes,ok,yes,COMPLIANT,own affordance,InstitutionInvitesScreen,lib/features/institutions/presentation/institution_invites_screen.dart
/institution/:institutionId/join-requests,institution,in-app|deep-link|notification|external-link,not-navigated-by-literal,own back icon,STACK_RETURN,yes,unknown,yes,ok,yes,COMPLIANT,own affordance,InstitutionJoinRequestsScreen,lib/features/institutions/presentation/institution_join_requests_screen.dart
/institution/:institutionId/explore,institution,in-app|deep-link|notification|external-link,not-navigated-by-literal,go(fixed),ROOT_NO_RETURN (shell owns lateral movement),no,unknown,yes,ok,yes,ROOT_NO_RETURN_REQUIRED,institution workspace root,InstitutionExploreScreen,lib/features/institutions/explore/institution_explore_screen.dart
/institution/:institutionId/posts/new,institution,in-app|deep-link|notification|external-link,not-navigated-by-literal,own back icon; pop() UNGUARDED,STACK_RETURN needs a PARENT_RETURN fallback,yes,unknown,yes,unknown,NO,WRONG_RETURN_SEMANTICS,affordance pops without checking the stack,InstitutionPostComposerScreen,lib/features/institutions/posts/institution_post_composer_screen.dart
/institution/:institutionId/posts/:postId,institution,in-app|deep-link|notification|external-link,not-navigated-by-literal,shared page showBack; pop()+canPop,STACK_RETURN with PARENT_RETURN fallback,yes,unknown,yes,ok,yes,COMPLIANT,own affordance + stack-aware pop,InstitutionPostDetailScreen,lib/features/institutions/posts/institution_post_detail_screen.dart
/direct/:threadId,conversation,in-app|deep-link|notification|external-link,not-navigated-by-literal,none,STACK_RETURN + DEEP_LINK_FALLBACK to a canonical parent,no,unknown,MISSING,unknown,NO,DEEPLINK_ESCAPE_MISSING,addressable detail with no product-owned return,DirectThreadCutoverScope,lib/core/interactions/direct_thread_cutover_scope.dart
/direct-intent,conversation,in-app|deep-link,not-navigated-by-literal,go(fixed),PARENT_RETURN,no,unknown,n/a,unknown,NO,MISSING_RETURN_PATH,child destination with no product-owned return,DirectIntentScreen,lib/features/direct_threads/presentation/direct_intent_screen.dart
/notifications,other,in-app|deep-link,go=2,none,n/a,no,no — reached by go(),n/a,ok,yes,NOT_A_SURFACE,redirect-only route,,
/institution/:institutionId/u/:handle,institution,in-app|deep-link|notification|external-link,not-navigated-by-literal,none,n/a,no,unknown,yes,ok,yes,NOT_A_SURFACE,redirect-only route,,
/institution/:institutionId/institutions/:slug,institution,in-app|deep-link|notification|external-link,not-navigated-by-literal,none,n/a,no,unknown,yes,ok,yes,NOT_A_SURFACE,redirect-only route,,
/institution/:institutionId/direct/:threadId,institution,in-app|deep-link|notification|external-link,not-navigated-by-literal,none,STACK_RETURN + DEEP_LINK_FALLBACK to a canonical parent,no,unknown,MISSING,unknown,NO,DEEPLINK_ESCAPE_MISSING,addressable detail with no product-owned return,DirectThreadCutoverScope,lib/core/interactions/direct_thread_cutover_scope.dart
/institution/:institutionId/posts/:postId/edit,institution,in-app|deep-link|notification|external-link,push=1,own back icon; pop() UNGUARDED,STACK_RETURN needs a PARENT_RETURN fallback,yes,yes,yes,unknown,NO,WRONG_RETURN_SEMANTICS,affordance pops without checking the stack,InstitutionPostComposerScreen,lib/features/institutions/posts/institution_post_composer_screen.dart
/institution/:institutionId/activity,institution,in-app|deep-link|notification|external-link,go=1,none,ROOT_NO_RETURN (shell owns lateral movement),no,no — reached by go(),yes,ok,yes,ROOT_NO_RETURN_REQUIRED,institution workspace root,InstitutionActivityScreen,lib/features/institutions/activity/institution_activity_screen.dart
/institution/:institutionId/billing,institution,in-app|deep-link|notification|external-link,go=1,none,STACK_RETURN + DEEP_LINK_FALLBACK to a canonical parent,no,no — reached by go(),MISSING,unknown,NO,DEEPLINK_ESCAPE_MISSING,addressable detail with no product-owned return,InstitutionBillingScreen,lib/features/monetization/presentation/institution_billing_screen.dart
/institution/:institutionId/messages,institution,in-app|deep-link|notification|external-link,not-navigated-by-literal,none,ROOT_NO_RETURN (shell owns lateral movement),no,unknown,yes,ok,yes,ROOT_NO_RETURN_REQUIRED,institution workspace root,InstitutionMessagingScreen,lib/features/institutions/messaging/institution_messaging_screen.dart
/institution/:institutionId/messages/direct,institution,in-app|deep-link|notification|external-link,not-navigated-by-literal,none,n/a,no,unknown,yes,ok,yes,NOT_A_SURFACE,redirect-only route,,
/institution/:institutionId/messages/direct/archived,institution,in-app|deep-link|notification|external-link,not-navigated-by-literal,none,n/a,no,unknown,yes,ok,yes,NOT_A_SURFACE,redirect-only route,,
/realtime,meetings/live (protected),in-app|deep-link,not-navigated-by-literal,none,TERMINAL_EXIT / governed by its own domain,no,unknown,n/a,ok,yes,PROTECTED_BOUNDARY,Meetings/Live — audit only,RealtimeLobbyScreen,lib/features/realtime/presentation/realtime_lobby_screen.dart
/realtime/:sessionId,meetings/live (protected),in-app|deep-link|notification|external-link,go=1,own back icon; go(fixed); PopScope,TERMINAL_EXIT / governed by its own domain,yes,no — reached by go(),yes,ok,yes,PROTECTED_BOUNDARY,Meetings/Live — audit only,RealtimeRoomScreen,lib/features/realtime/presentation/realtime_room_screen.dart
